{
  "total": 300,
  "emotion_acc": 0.33,
  "gender_acc": 0.9633333333333334,
  "avg_latency_ms": 36.84687614440918,
  "emotion_confusion": {
    "5": {
      "2": 11,
      "4": 12,
      "0": 2,
      "5": 11,
      "1": 2,
      "6": 2,
      "3": 0
    },
    "1": {
      "4": 16,
      "0": 4,
      "2": 11,
      "6": 6,
      "1": 3,
      "3": 0,
      "5": 0
    },
    "3": {
      "4": 23,
      "2": 7,
      "6": 5,
      "1": 3,
      "3": 1,
      "5": 1,
      "0": 0
    },
    "4": {
      "2": 18,
      "4": 20,
      "1": 1,
      "6": 1,
      "0": 0,
      "3": 0,
      "5": 0
    },
    "2": {
      "2": 24,
      "0": 5,
      "4": 8,
      "6": 1,
      "1": 2,
      "3": 0,
      "5": 0
    },
    "0": {
      "0": 24,
      "2": 30,
      "4": 5,
      "5": 1,
      "1": 0,
      "3": 0,
      "6": 0
    },
    "6": {
      "6": 16,
      "4": 16,
      "2": 7,
      "5": 1,
      "0": 0,
      "1": 0,
      "3": 0
    }
  },
  "gender_confusion": {
    "1": {
      "1": 173,
      "0": 7
    },
    "0": {
      "0": 116,
      "1": 4
    }
  }
}